Message;Termino;@version;@timestamp;user;command;Channel;Nick;server;host;contador
~o ~o ~o;;1;2016-06-24T18:53:37.577Z;case!case@HTS-CDB3F670.us-west-2.compute.amazonaws.com;PRIVMSG;#coffeesh0p;case;irc.hackthissite.org:6667;HTS-CDB3F670.us-west-2.compute.amazonaws.com;1
can't compress this poopi;;1;2016-06-24T18:53:48.996Z;case!case@HTS-CDB3F670.us-west-2.compute.amazonaws.com;PRIVMSG;#coffeesh0p;case;irc.hackthissite.org:6667;HTS-CDB3F670.us-west-2.compute.amazonaws.com;1
centip3de: SEE WHAT U DID!?;0;1;2016-06-24T18:55:59.470Z;missingRemote!missingRem@HTS-BCEC99B7.us-west-2.compute.amazonaws.com;PRIVMSG;#coffeesh0p;missingRemote;irc.hackthissite.org:6667;HTS-BCEC99B7.us-west-2.compute.amazonaws.com;1
I approve of my choices;;1;2016-06-24T18:56:21.810Z;centip3de!centip3de@CC91A96B:C1C7DB3E:9B0387CF:IP;PRIVMSG;#coffeesh0p;centip3de;irc.hackthissite.org:6667;CC91A96B:C1C7DB3E:9B0387CF:IP;1
ACTION slides off chair;;1;2016-06-24T19:04:07.845Z;missingRemote!missingRem@HTS-BCEC99B7.us-west-2.compute.amazonaws.com;PRIVMSG;#coffeesh0p;missingRemote;irc.hackthissite.org:6667;HTS-BCEC99B7.us-west-2.compute.amazonaws.com;1
e3cb <3;;1;2016-06-24T19:07:10.923Z;madmouse!anon@8049257D.433B0BC6.41A97753.IP;PRIVMSG;#coffeesh0p;madmouse;irc.hackthissite.org:6667;8049257D.433B0BC6.41A97753.IP;1
dang u dat wet;;1;2016-06-24T19:07:13.891Z;case!case@HTS-CDB3F670.us-west-2.compute.amazonaws.com;PRIVMSG;#coffeesh0p;case;irc.hackthissite.org:6667;HTS-CDB3F670.us-west-2.compute.amazonaws.com;1
sup bae;;1;2016-06-24T19:07:20.103Z;e3cb!e3cb@hot.cumshots.all.over.my.face;PRIVMSG;#coffeesh0p;e3cb;irc.hackthissite.org:6667;hot.cumshots.all.over.my.face;1
i just came to the realization ive been getting stoned;;1;2016-06-24T19:07:39.022Z;madmouse!anon@8049257D.433B0BC6.41A97753.IP;PRIVMSG;#coffeesh0p;madmouse;irc.hackthissite.org:6667;8049257D.433B0BC6.41A97753.IP;1
and not doing research;;1;2016-06-24T19:07:45.121Z;madmouse!anon@8049257D.433B0BC6.41A97753.IP;PRIVMSG;#coffeesh0p;madmouse;irc.hackthissite.org:6667;8049257D.433B0BC6.41A97753.IP;1
for months;;1;2016-06-24T19:07:50.663Z;madmouse!anon@8049257D.433B0BC6.41A97753.IP;PRIVMSG;#coffeesh0p;madmouse;irc.hackthissite.org:6667;8049257D.433B0BC6.41A97753.IP;1
xD;;1;2016-06-24T19:07:52.673Z;madmouse!anon@8049257D.433B0BC6.41A97753.IP;PRIVMSG;#coffeesh0p;madmouse;irc.hackthissite.org:6667;8049257D.433B0BC6.41A97753.IP;1
#weed;;1;2016-06-24T19:08:10.733Z;case!case@HTS-CDB3F670.us-west-2.compute.amazonaws.com;PRIVMSG;#coffeesh0p;case;irc.hackthissite.org:6667;HTS-CDB3F670.us-west-2.compute.amazonaws.com;1
yeah that ends today;;1;2016-06-24T19:08:22.941Z;madmouse!anon@8049257D.433B0BC6.41A97753.IP;PRIVMSG;#coffeesh0p;madmouse;irc.hackthissite.org:6667;8049257D.433B0BC6.41A97753.IP;1
lol;;1;2016-06-24T19:08:23.935Z;madmouse!anon@8049257D.433B0BC6.41A97753.IP;PRIVMSG;#coffeesh0p;madmouse;irc.hackthissite.org:6667;8049257D.433B0BC6.41A97753.IP;1
I just smoked all my weed;;1;2016-06-24T19:08:31.441Z;madmouse!anon@8049257D.433B0BC6.41A97753.IP;PRIVMSG;#coffeesh0p;madmouse;irc.hackthissite.org:6667;8049257D.433B0BC6.41A97753.IP;1
#rekt;;1;2016-06-24T19:08:47.745Z;e3cb!e3cb@hot.cumshots.all.over.my.face;PRIVMSG;#coffeesh0p;e3cb;irc.hackthissite.org:6667;hot.cumshots.all.over.my.face;1
That's what they all say;;1;2016-06-24T19:08:52.282Z;centip3de!centip3de@CC91A96B:C1C7DB3E:9B0387CF:IP;PRIVMSG;#coffeesh0p;centip3de;irc.hackthissite.org:6667;CC91A96B:C1C7DB3E:9B0387CF:IP;1
What fuzzers you usin?;;1;2016-06-24T19:08:52.858Z;e3cb!e3cb@hot.cumshots.all.over.my.face;PRIVMSG;#coffeesh0p;e3cb;irc.hackthissite.org:6667;hot.cumshots.all.over.my.face;1
That's why I only do it Fri/Sat;;1;2016-06-24T19:09:03.501Z;e3cb!e3cb@hot.cumshots.all.over.my.face;PRIVMSG;#coffeesh0p;e3cb;irc.hackthissite.org:6667;hot.cumshots.all.over.my.face;1
Sunday to recover;;1;2016-06-24T19:09:06.232Z;e3cb!e3cb@hot.cumshots.all.over.my.face;PRIVMSG;#coffeesh0p;e3cb;irc.hackthissite.org:6667;hot.cumshots.all.over.my.face;1
Back to werk;;1;2016-06-24T19:09:08.437Z;e3cb!e3cb@hot.cumshots.all.over.my.face;PRIVMSG;#coffeesh0p;e3cb;irc.hackthissite.org:6667;hot.cumshots.all.over.my.face;1
The microfleece ones;;1;2016-06-24T19:09:14.702Z;centip3de!centip3de@CC91A96B:C1C7DB3E:9B0387CF:IP;PRIVMSG;#coffeesh0p;centip3de;irc.hackthissite.org:6667;CC91A96B:C1C7DB3E:9B0387CF:IP;1
but this happened and it stayed the end of the project for a little too long;;1;2016-06-24T19:09:48.342Z;madmouse!anon@8049257D.433B0BC6.41A97753.IP;PRIVMSG;#coffeesh0p;madmouse;irc.hackthissite.org:6667;8049257D.433B0BC6.41A97753.IP;1
lol;;1;2016-06-24T19:09:49.332Z;madmouse!anon@8049257D.433B0BC6.41A97753.IP;PRIVMSG;#coffeesh0p;madmouse;irc.hackthissite.org:6667;8049257D.433B0BC6.41A97753.IP;1
shits fucked;;1;2016-06-24T19:09:59.011Z;madmouse!anon@8049257D.433B0BC6.41A97753.IP;PRIVMSG;#coffeesh0p;madmouse;irc.hackthissite.org:6667;8049257D.433B0BC6.41A97753.IP;1
i smoke week every day;;1;2016-06-24T19:09:59.015Z;case!case@HTS-CDB3F670.us-west-2.compute.amazonaws.com;PRIVMSG;#coffeesh0p;case;irc.hackthissite.org:6667;HTS-CDB3F670.us-west-2.compute.amazonaws.com;1
some people can;;1;2016-06-24T19:10:07.118Z;madmouse!anon@8049257D.433B0BC6.41A97753.IP;PRIVMSG;#coffeesh0p;madmouse;irc.hackthissite.org:6667;8049257D.433B0BC6.41A97753.IP;1
some people cant;;1;2016-06-24T19:10:10.067Z;madmouse!anon@8049257D.433B0BC6.41A97753.IP;PRIVMSG;#coffeesh0p;madmouse;irc.hackthissite.org:6667;8049257D.433B0BC6.41A97753.IP;1
#bornthisway;;1;2016-06-24T19:10:33.219Z;madmouse!anon@8049257D.433B0BC6.41A97753.IP;PRIVMSG;#coffeesh0p;madmouse;irc.hackthissite.org:6667;8049257D.433B0BC6.41A97753.IP;1
hehe;;1;2016-06-24T19:10:34.411Z;madmouse!anon@8049257D.433B0BC6.41A97753.IP;PRIVMSG;#coffeesh0p;madmouse;irc.hackthissite.org:6667;8049257D.433B0BC6.41A97753.IP;1
yeah im mad at myself;;1;2016-06-24T19:12:05.904Z;madmouse!anon@8049257D.433B0BC6.41A97753.IP;PRIVMSG;#coffeesh0p;madmouse;irc.hackthissite.org:6667;8049257D.433B0BC6.41A97753.IP;1
its time to stop watching youtube all day;;1;2016-06-24T19:12:14.185Z;madmouse!anon@8049257D.433B0BC6.41A97753.IP;PRIVMSG;#coffeesh0p;madmouse;irc.hackthissite.org:6667;8049257D.433B0BC6.41A97753.IP;1
lol;;1;2016-06-24T19:12:57.566Z;madmouse!anon@8049257D.433B0BC6.41A97753.IP;PRIVMSG;#coffeesh0p;madmouse;irc.hackthissite.org:6667;8049257D.433B0BC6.41A97753.IP;1
i havent shopped in months;;1;2016-06-24T19:12:57.570Z;madmouse!anon@8049257D.433B0BC6.41A97753.IP;PRIVMSG;#coffeesh0p;madmouse;irc.hackthissite.org:6667;8049257D.433B0BC6.41A97753.IP;1
Oh u whore;;1;2016-06-24T19:13:50.216Z;e3cb!e3cb@hot.cumshots.all.over.my.face;PRIVMSG;#coffeesh0p;e3cb;irc.hackthissite.org:6667;hot.cumshots.all.over.my.face;1
Every time I try you yell at me like I'm a Chinese insurgent trying to get TS info :''''''''c;;1;2016-06-24T19:14:24.464Z;e3cb!e3cb@hot.cumshots.all.over.my.face;PRIVMSG;#coffeesh0p;e3cb;irc.hackthissite.org:6667;hot.cumshots.all.over.my.face;1
lol;;1;2016-06-24T19:14:56.784Z;madmouse!anon@8049257D.433B0BC6.41A97753.IP;PRIVMSG;#coffeesh0p;madmouse;irc.hackthissite.org:6667;8049257D.433B0BC6.41A97753.IP;1
e3cb: Will you make me a homemade chicken pot pie?;;1;2016-06-24T19:15:10.710Z;centip3de!centip3de@CC91A96B:C1C7DB3E:9B0387CF:IP;PRIVMSG;#coffeesh0p;centip3de;irc.hackthissite.org:6667;CC91A96B:C1C7DB3E:9B0387CF:IP;1
Fuck yea;;1;2016-06-24T19:15:16.480Z;e3cb!e3cb@hot.cumshots.all.over.my.face;PRIVMSG;#coffeesh0p;e3cb;irc.hackthissite.org:6667;hot.cumshots.all.over.my.face;1
case: only when thinking about u;;1;2016-06-24T19:15:17.645Z;missingRemote!missingRem@HTS-BCEC99B7.us-west-2.compute.amazonaws.com;PRIVMSG;#coffeesh0p;missingRemote;irc.hackthissite.org:6667;HTS-BCEC99B7.us-west-2.compute.amazonaws.com;1
#jelly;;1;2016-06-24T19:15:23.868Z;madmouse!anon@8049257D.433B0BC6.41A97753.IP;PRIVMSG;#coffeesh0p;madmouse;irc.hackthissite.org:6667;8049257D.433B0BC6.41A97753.IP;1
MAYBE IF YOU HAD DEEP LOVING ASM CONVERSATIONS WITH ME!!!;;1;2016-06-24T19:15:41.710Z;e3cb!e3cb@hot.cumshots.all.over.my.face;PRIVMSG;#coffeesh0p;e3cb;irc.hackthissite.org:6667;hot.cumshots.all.over.my.face;1
let me get back into my groove;;1;2016-06-24T19:16:00.349Z;madmouse!anon@8049257D.433B0BC6.41A97753.IP;PRIVMSG;#coffeesh0p;madmouse;irc.hackthissite.org:6667;8049257D.433B0BC6.41A97753.IP;1
im sorry guys lol;;1;2016-06-24T19:16:04.189Z;madmouse!anon@8049257D.433B0BC6.41A97753.IP;PRIVMSG;#coffeesh0p;madmouse;irc.hackthissite.org:6667;8049257D.433B0BC6.41A97753.IP;1
i went stupid;;1;2016-06-24T19:16:12.077Z;madmouse!anon@8049257D.433B0BC6.41A97753.IP;PRIVMSG;#coffeesh0p;madmouse;irc.hackthissite.org:6667;8049257D.433B0BC6.41A97753.IP;1
>guys;;1;2016-06-24T19:16:12.487Z;e3cb!e3cb@hot.cumshots.all.over.my.face;PRIVMSG;#coffeesh0p;e3cb;irc.hackthissite.org:6667;hot.cumshots.all.over.my.face;1
I'm the only one complaining xD;;1;2016-06-24T19:16:17.258Z;e3cb!e3cb@hot.cumshots.all.over.my.face;PRIVMSG;#coffeesh0p;e3cb;irc.hackthissite.org:6667;hot.cumshots.all.over.my.face;1
Then again;;1;2016-06-24T19:16:24.178Z;e3cb!e3cb@hot.cumshots.all.over.my.face;PRIVMSG;#coffeesh0p;e3cb;irc.hackthissite.org:6667;hot.cumshots.all.over.my.face;1
I always complain ;;1;2016-06-24T19:16:27.634Z;e3cb!e3cb@hot.cumshots.all.over.my.face;PRIVMSG;#coffeesh0p;e3cb;irc.hackthissite.org:6667;hot.cumshots.all.over.my.face;1
lol;;1;2016-06-24T19:16:37.683Z;Sebonzakura!p@blackcatz-1cq.14r.iggeuv.IP;PRIVMSG;#howtohack;Sebonzakura;irc.zempirians.com:6697;blackcatz-1cq.14r.iggeuv.IP;1
all my noobs are lost;;1;2016-06-24T19:16:47.210Z;madmouse!anon@8049257D.433B0BC6.41A97753.IP;PRIVMSG;#coffeesh0p;madmouse;irc.hackthissite.org:6667;8049257D.433B0BC6.41A97753.IP;1
and e3cb is complaining;;1;2016-06-24T19:16:51.461Z;madmouse!anon@8049257D.433B0BC6.41A97753.IP;PRIVMSG;#coffeesh0p;madmouse;irc.hackthissite.org:6667;8049257D.433B0BC6.41A97753.IP;1
lol;;1;2016-06-24T19:16:53.383Z;madmouse!anon@8049257D.433B0BC6.41A97753.IP;PRIVMSG;#coffeesh0p;madmouse;irc.hackthissite.org:6667;8049257D.433B0BC6.41A97753.IP;1
im going to make a pact to never go full troll again;;1;2016-06-24T19:18:12.088Z;madmouse!anon@8049257D.433B0BC6.41A97753.IP;PRIVMSG;#coffeesh0p;madmouse;irc.hackthissite.org:6667;8049257D.433B0BC6.41A97753.IP;1
and im going to delete google chrome;;1;2016-06-24T19:18:22.684Z;madmouse!anon@8049257D.433B0BC6.41A97753.IP;PRIVMSG;#coffeesh0p;madmouse;irc.hackthissite.org:6667;8049257D.433B0BC6.41A97753.IP;1
it makes my productivity disappear;;1;2016-06-24T19:18:39.909Z;madmouse!anon@8049257D.433B0BC6.41A97753.IP;PRIVMSG;#coffeesh0p;madmouse;irc.hackthissite.org:6667;8049257D.433B0BC6.41A97753.IP;1
lol;;1;2016-06-24T19:18:48.772Z;madmouse!anon@8049257D.433B0BC6.41A97753.IP;PRIVMSG;#coffeesh0p;madmouse;irc.hackthissite.org:6667;8049257D.433B0BC6.41A97753.IP;1
i second centip3de ;;1;2016-06-24T19:22:42.670Z;case!case@HTS-CDB3F670.us-west-2.compute.amazonaws.com;PRIVMSG;#coffeesh0p;case;irc.hackthissite.org:6667;HTS-CDB3F670.us-west-2.compute.amazonaws.com;1
case: https://docs.google.com/document/d/1gCsFxXamW8RRvOe5hECz98Ftk-tcRRJcDFANj2VwCB0/preview;;1;2016-06-24T19:23:01.229Z;centip3de!centip3de@CC91A96B:C1C7DB3E:9B0387CF:IP;PRIVMSG;#coffeesh0p;centip3de;irc.hackthissite.org:6667;CC91A96B:C1C7DB3E:9B0387CF:IP;1
yah;;1;2016-06-24T19:25:52.351Z;case!case@HTS-CDB3F670.us-west-2.compute.amazonaws.com;PRIVMSG;#coffeesh0p;case;irc.hackthissite.org:6667;HTS-CDB3F670.us-west-2.compute.amazonaws.com;1
e3cb: see pm for explaination on what ive been doing recently other than damaging my brain;;1;2016-06-24T19:26:17.896Z;madmouse!anon@8049257D.433B0BC6.41A97753.IP;PRIVMSG;#coffeesh0p;madmouse;irc.hackthissite.org:6667;8049257D.433B0BC6.41A97753.IP;1
lol;;1;2016-06-24T19:26:20.722Z;madmouse!anon@8049257D.433B0BC6.41A97753.IP;PRIVMSG;#coffeesh0p;madmouse;irc.hackthissite.org:6667;8049257D.433B0BC6.41A97753.IP;1
dressing up like a lady and getting pounded in the poopi;;1;2016-06-24T19:26:46.176Z;case!case@HTS-CDB3F670.us-west-2.compute.amazonaws.com;PRIVMSG;#coffeesh0p;case;irc.hackthissite.org:6667;HTS-CDB3F670.us-west-2.compute.amazonaws.com;1
says mr peach over here;;1;2016-06-24T19:26:59.556Z;madmouse!anon@8049257D.433B0BC6.41A97753.IP;PRIVMSG;#coffeesh0p;madmouse;irc.hackthissite.org:6667;8049257D.433B0BC6.41A97753.IP;1
lol;;1;2016-06-24T19:27:01.699Z;madmouse!anon@8049257D.433B0BC6.41A97753.IP;PRIVMSG;#coffeesh0p;madmouse;irc.hackthissite.org:6667;8049257D.433B0BC6.41A97753.IP;1
a google doc is a paper now?;;1;2016-06-24T19:29:23.793Z;case!case@HTS-CDB3F670.us-west-2.compute.amazonaws.com;PRIVMSG;#coffeesh0p;case;irc.hackthissite.org:6667;HTS-CDB3F670.us-west-2.compute.amazonaws.com;1
lol;;1;2016-06-24T19:30:59.206Z;madmouse!anon@8049257D.433B0BC6.41A97753.IP;PRIVMSG;#coffeesh0p;madmouse;irc.hackthissite.org:6667;8049257D.433B0BC6.41A97753.IP;1
https://www.youtube.com/watch?v=8qIQbydyHwc;;1;2016-06-24T19:37:24.370Z;c05503!user@HTS-DE936F11.w90-5.abo.wanadoo.fr;PRIVMSG;#coffeesh0p;c05503;irc.hackthissite.org:6667;HTS-DE936F11.w90-5.abo.wanadoo.fr;1
Blog bot;;1;2016-06-24T19:41:43.861Z;ice!ice@loud.house;PRIVMSG;#howtohack;ice;irc.zempirians.com:6697;loud.house;1
#howToBlog;;1;2016-06-24T19:42:51.510Z;Unliver!abc@blackcatz-cn4.rb1.ur811i.IP;PRIVMSG;#howtohack;Unliver;irc.zempirians.com:6697;blackcatz-cn4.rb1.ur811i.IP;1
madmouse;;1;2016-06-24T19:45:26.260Z;e3cb!e3cb@hot.cumshots.all.over.my.face;PRIVMSG;#coffeesh0p;e3cb;irc.hackthissite.org:6667;hot.cumshots.all.over.my.face;1
y u leaf mi;;1;2016-06-24T19:45:27.904Z;e3cb!e3cb@hot.cumshots.all.over.my.face;PRIVMSG;#coffeesh0p;e3cb;irc.hackthissite.org:6667;hot.cumshots.all.over.my.face;1
what has the world come to;;1;2016-06-24T20:15:08.000Z;madmouse!anon@8049257D.433B0BC6.41A97753.IP;PRIVMSG;#coffeesh0p;madmouse;irc.hackthissite.org:6667;8049257D.433B0BC6.41A97753.IP;1
good god;;1;2016-06-24T20:15:10.973Z;madmouse!anon@8049257D.433B0BC6.41A97753.IP;PRIVMSG;#coffeesh0p;madmouse;irc.hackthissite.org:6667;8049257D.433B0BC6.41A97753.IP;1
seriously on the fence with this dog;;1;2016-06-24T20:20:25.597Z;missingRemote!missingRem@HTS-BCEC99B7.us-west-2.compute.amazonaws.com;PRIVMSG;#coffeesh0p;missingRemote;irc.hackthissite.org:6667;HTS-BCEC99B7.us-west-2.compute.amazonaws.com;1
he's sorta happy;;1;2016-06-24T20:20:37.339Z;missingRemote!missingRem@HTS-BCEC99B7.us-west-2.compute.amazonaws.com;PRIVMSG;#coffeesh0p;missingRemote;irc.hackthissite.org:6667;HTS-BCEC99B7.us-west-2.compute.amazonaws.com;1
but he's in pain and doesn't want to go on walks;;1;2016-06-24T20:20:58.557Z;missingRemote!missingRem@HTS-BCEC99B7.us-west-2.compute.amazonaws.com;PRIVMSG;#coffeesh0p;missingRemote;irc.hackthissite.org:6667;HTS-BCEC99B7.us-west-2.compute.amazonaws.com;1
what sort of dog?;;1;2016-06-24T20:26:56.762Z;c05503!user@HTS-DE936F11.w90-5.abo.wanadoo.fr;PRIVMSG;#coffeesh0p;c05503;irc.hackthissite.org:6667;HTS-DE936F11.w90-5.abo.wanadoo.fr;1
also pics;;1;2016-06-24T20:27:00.669Z;c05503!user@HTS-DE936F11.w90-5.abo.wanadoo.fr;PRIVMSG;#coffeesh0p;c05503;irc.hackthissite.org:6667;HTS-DE936F11.w90-5.abo.wanadoo.fr;1
c05503: https://snag.gy/xasghO.jpg;;1;2016-06-24T20:28:46.184Z;missingRemote!missingRem@HTS-BCEC99B7.us-west-2.compute.amazonaws.com;PRIVMSG;#coffeesh0p;missingRemote;irc.hackthissite.org:6667;HTS-BCEC99B7.us-west-2.compute.amazonaws.com;1
awesome;;1;2016-06-24T20:29:35.895Z;c05503!user@HTS-DE936F11.w90-5.abo.wanadoo.fr;PRIVMSG;#coffeesh0p;c05503;irc.hackthissite.org:6667;HTS-DE936F11.w90-5.abo.wanadoo.fr;1
how old?;;1;2016-06-24T20:29:38.034Z;c05503!user@HTS-DE936F11.w90-5.abo.wanadoo.fr;PRIVMSG;#coffeesh0p;c05503;irc.hackthissite.org:6667;HTS-DE936F11.w90-5.abo.wanadoo.fr;1
:D;;1;2016-06-24T20:31:20.586Z;SailorVenus!Tabes@HTS-D177300C.dsl.bell.ca;PRIVMSG;#coffeesh0p;SailorVenus;irc.hackthissite.org:6667;HTS-D177300C.dsl.bell.ca;1
sup;;1;2016-06-24T20:31:24.863Z;SailorVenus!Tabes@HTS-D177300C.dsl.bell.ca;PRIVMSG;#coffeesh0p;SailorVenus;irc.hackthissite.org:6667;HTS-D177300C.dsl.bell.ca;1
it's been given to me by the honorable sega mega;;1;2016-06-24T20:33:01.569Z;SailorVenus!Tabes@HTS-D177300C.dsl.bell.ca;PRIVMSG;#coffeesh0p;SailorVenus;irc.hackthissite.org:6667;HTS-D177300C.dsl.bell.ca;1
c05503: 6;;1;2016-06-24T20:35:59.021Z;missingRemote!missingRem@HTS-BCEC99B7.us-west-2.compute.amazonaws.com;PRIVMSG;#coffeesh0p;missingRemote;irc.hackthissite.org:6667;HTS-BCEC99B7.us-west-2.compute.amazonaws.com;1
hi sub;;1;2016-06-24T20:36:31.635Z;missingRemote!missingRem@HTS-BCEC99B7.us-west-2.compute.amazonaws.com;PRIVMSG;#coffeesh0p;missingRemote;irc.hackthissite.org:6667;HTS-BCEC99B7.us-west-2.compute.amazonaws.com;1
hey;;1;2016-06-24T20:36:40.152Z;SailorV!Tabes@HTS-D177300C.dsl.bell.ca;PRIVMSG;#coffeesh0p;SailorV;irc.hackthissite.org:6667;HTS-D177300C.dsl.bell.ca;1
=];;1;2016-06-24T20:36:46.838Z;SailorV!Tabes@HTS-D177300C.dsl.bell.ca;PRIVMSG;#coffeesh0p;SailorV;irc.hackthissite.org:6667;HTS-D177300C.dsl.bell.ca;1
soo I'm guessing you never watched the series as a kid?;;1;2016-06-24T20:48:36.941Z;SailorV!Tabes@HTS-D177300C.dsl.bell.ca;PRIVMSG;#coffeesh0p;SailorV;irc.hackthissite.org:6667;HTS-D177300C.dsl.bell.ca;1
how to bot;;1;2016-06-24T20:52:08.514Z;punk!m@globaloper.blackcatz.org;PRIVMSG;#howtohack;punk;irc.zempirians.com:6697;globaloper.blackcatz.org;1
SailorV: wasn't talking about ur nick and no;;1;2016-06-24T20:54:34.991Z;missingRemote!missingRem@HTS-BCEC99B7.us-west-2.compute.amazonaws.com;PRIVMSG;#coffeesh0p;missingRemote;irc.hackthissite.org:6667;HTS-BCEC99B7.us-west-2.compute.amazonaws.com;1
aw oki;;1;2016-06-24T20:54:43.651Z;SailorV!Tabes@HTS-D177300C.dsl.bell.ca;PRIVMSG;#coffeesh0p;SailorV;irc.hackthissite.org:6667;HTS-D177300C.dsl.bell.ca;1
punk: do you invest by yourself;;1;2016-06-24T20:59:49.146Z;mr_pants!mr_pants@blackcatz-vam.2bl.lpcodk.IP;PRIVMSG;#howtohack;mr_pants;irc.zempirians.com:6697;blackcatz-vam.2bl.lpcodk.IP;1
on the stock market;;1;2016-06-24T20:59:57.212Z;mr_pants!mr_pants@blackcatz-vam.2bl.lpcodk.IP;PRIVMSG;#howtohack;mr_pants;irc.zempirians.com:6697;blackcatz-vam.2bl.lpcodk.IP;1
afk;;1;2016-06-24T21:04:02.836Z;punk!m@globaloper.blackcatz.org;PRIVMSG;#howtohack;punk;irc.zempirians.com:6697;globaloper.blackcatz.org;1
o/;;1;2016-06-24T21:31:10.512Z;punk!m@globaloper.blackcatz.org;PRIVMSG;#howtohack;punk;irc.zempirians.com:6697;globaloper.blackcatz.org;1
what are you doing;;1;2016-06-24T21:40:54.732Z;mr_pants!mr_pants@blackcatz-vam.2bl.lpcodk.IP;PRIVMSG;#howtohack;mr_pants;irc.zempirians.com:6697;blackcatz-vam.2bl.lpcodk.IP;1
what a dick;;1;2016-06-24T21:42:34.388Z;case!case@HTS-CDB3F670.us-west-2.compute.amazonaws.com;PRIVMSG;#coffeesh0p;case;irc.hackthissite.org:6667;HTS-CDB3F670.us-west-2.compute.amazonaws.com;1
fuck you c05503 ;;1;2016-06-24T21:42:37.377Z;case!case@HTS-CDB3F670.us-west-2.compute.amazonaws.com;PRIVMSG;#coffeesh0p;case;irc.hackthissite.org:6667;HTS-CDB3F670.us-west-2.compute.amazonaws.com;1
fuck you case;;1;2016-06-24T21:53:11.077Z;c05503!user@HTS-DE936F11.w90-5.abo.wanadoo.fr;PRIVMSG;#coffeesh0p;c05503;irc.hackthissite.org:6667;HTS-DE936F11.w90-5.abo.wanadoo.fr;1
:);;1;2016-06-24T21:53:15.912Z;c05503!user@HTS-DE936F11.w90-5.abo.wanadoo.fr;PRIVMSG;#coffeesh0p;c05503;irc.hackthissite.org:6667;HTS-DE936F11.w90-5.abo.wanadoo.fr;1
Hello;;1;2016-06-24T21:56:36.238Z;bio_grin!b294182e@HTS-D102ADB7.clients.kiwiirc.com;PRIVMSG;#coffeesh0p;bio_grin;irc.hackthissite.org:6667;HTS-D102ADB7.clients.kiwiirc.com;1
such a heartless cretin;;1;2016-06-24T21:56:42.953Z;case!case@HTS-CDB3F670.us-west-2.compute.amazonaws.com;PRIVMSG;#coffeesh0p;case;irc.hackthissite.org:6667;HTS-CDB3F670.us-west-2.compute.amazonaws.com;1
case my haskell friend;;1;2016-06-24T21:56:48.656Z;bio_grin!b294182e@HTS-D102ADB7.clients.kiwiirc.com;PRIVMSG;#coffeesh0p;bio_grin;irc.hackthissite.org:6667;HTS-D102ADB7.clients.kiwiirc.com;1
hello bio_grin ;;1;2016-06-24T21:59:25.462Z;case!case@HTS-CDB3F670.us-west-2.compute.amazonaws.com;PRIVMSG;#coffeesh0p;case;irc.hackthissite.org:6667;HTS-CDB3F670.us-west-2.compute.amazonaws.com;1
snorted any cocoa lately?;;1;2016-06-24T21:59:28.993Z;case!case@HTS-CDB3F670.us-west-2.compute.amazonaws.com;PRIVMSG;#coffeesh0p;case;irc.hackthissite.org:6667;HTS-CDB3F670.us-west-2.compute.amazonaws.com;1
yes;;1;2016-06-24T21:59:32.112Z;bio_grin!b294182e@HTS-D102ADB7.clients.kiwiirc.com;PRIVMSG;#coffeesh0p;bio_grin;irc.hackthissite.org:6667;HTS-D102ADB7.clients.kiwiirc.com;1
yesterday;;1;2016-06-24T21:59:35.068Z;bio_grin!b294182e@HTS-D102ADB7.clients.kiwiirc.com;PRIVMSG;#coffeesh0p;bio_grin;irc.hackthissite.org:6667;HTS-D102ADB7.clients.kiwiirc.com;1
school ended;;1;2016-06-24T21:59:36.230Z;bio_grin!b294182e@HTS-D102ADB7.clients.kiwiirc.com;PRIVMSG;#coffeesh0p;bio_grin;irc.hackthissite.org:6667;HTS-D102ADB7.clients.kiwiirc.com;1
3 months vacation :);;1;2016-06-24T21:59:40.935Z;bio_grin!b294182e@HTS-D102ADB7.clients.kiwiirc.com;PRIVMSG;#coffeesh0p;bio_grin;irc.hackthissite.org:6667;HTS-D102ADB7.clients.kiwiirc.com;1
anyway i am thinking about the future lol;;1;2016-06-24T21:59:54.504Z;bio_grin!b294182e@HTS-D102ADB7.clients.kiwiirc.com;PRIVMSG;#coffeesh0p;bio_grin;irc.hackthissite.org:6667;HTS-D102ADB7.clients.kiwiirc.com;1
can you get free into unis in usa;;1;2016-06-24T22:00:02.205Z;bio_grin!b294182e@HTS-D102ADB7.clients.kiwiirc.com;PRIVMSG;#coffeesh0p;bio_grin;irc.hackthissite.org:6667;HTS-D102ADB7.clients.kiwiirc.com;1
?;;1;2016-06-24T22:00:02.607Z;bio_grin!b294182e@HTS-D102ADB7.clients.kiwiirc.com;PRIVMSG;#coffeesh0p;bio_grin;irc.hackthissite.org:6667;HTS-D102ADB7.clients.kiwiirc.com;1
they can give you a scollarship?;;1;2016-06-24T22:00:52.831Z;bio_grin!b294182e@HTS-D102ADB7.clients.kiwiirc.com;PRIVMSG;#coffeesh0p;bio_grin;irc.hackthissite.org:6667;HTS-D102ADB7.clients.kiwiirc.com;1
if you get a scholarship sure;;1;2016-06-24T22:01:38.027Z;case!case@HTS-CDB3F670.us-west-2.compute.amazonaws.com;PRIVMSG;#coffeesh0p;case;irc.hackthissite.org:6667;HTS-CDB3F670.us-west-2.compute.amazonaws.com;1
how do you get one;;1;2016-06-24T22:01:52.233Z;bio_grin!b294182e@HTS-D102ADB7.clients.kiwiirc.com;PRIVMSG;#coffeesh0p;bio_grin;irc.hackthissite.org:6667;HTS-D102ADB7.clients.kiwiirc.com;1
you got to do a test good?;;1;2016-06-24T22:01:56.417Z;bio_grin!b294182e@HTS-D102ADB7.clients.kiwiirc.com;PRIVMSG;#coffeesh0p;bio_grin;irc.hackthissite.org:6667;HTS-D102ADB7.clients.kiwiirc.com;1
:);;1;2016-06-24T22:03:31.381Z;bio_grin!b294182e@HTS-D102ADB7.clients.kiwiirc.com;PRIVMSG;#coffeesh0p;bio_grin;irc.hackthissite.org:6667;HTS-D102ADB7.clients.kiwiirc.com;1
my mad friend;;1;2016-06-24T22:03:31.382Z;bio_grin!b294182e@HTS-D102ADB7.clients.kiwiirc.com;PRIVMSG;#coffeesh0p;bio_grin;irc.hackthissite.org:6667;HTS-D102ADB7.clients.kiwiirc.com;1
wait who is the true madmouse;;1;2016-06-24T22:03:47.276Z;bio_grin!b294182e@HTS-D102ADB7.clients.kiwiirc.com;PRIVMSG;#coffeesh0p;bio_grin;irc.hackthissite.org:6667;HTS-D102ADB7.clients.kiwiirc.com;1
the only Trezor i know of is a techno club in berlin;;1;2016-06-25T09:00:13.444Z;spoonzy_!~z@master.of.the.rum.supply;PRIVMSG;##crypto;spoonzy_;irc.freenode.net:6667;master.of.the.rum.supply;1
heh;;1;2016-06-25T09:01:17.868Z;spudowiar!~spudowiar@unaffiliated/spudowiar;PRIVMSG;##crypto;spudowiar;irc.freenode.net:6667;unaffiliated/spudowiar;1
It's a hardware Bitcoin wallet but have support for ECDSA in general;bitcoin;1;2016-06-25T09:01:35.171Z;spudowiar!~spudowiar@unaffiliated/spudowiar;PRIVMSG;##crypto;spudowiar;irc.freenode.net:6667;unaffiliated/spudowiar;1
"Ok, I didn't that well. It's more like ""is it possible to have 2 IP adresses for the same machine ?"";;1;2016-06-25T09:01:36.440Z;notfrosty!~notfrosty@2a01:cb14:3f3:9c00:793f:e715:7c9a:8b2a;PRIVMSG;##networking;notfrosty;irc.freenode.net:6667;2a01:cb14:3f3:9c00:793f:e715:7c9a:8b2a;1"
e.g. for SSH and GPG;;1;2016-06-25T09:01:50.632Z;spudowiar!~spudowiar@unaffiliated/spudowiar;PRIVMSG;##crypto;spudowiar;irc.freenode.net:6667;unaffiliated/spudowiar;1
*express;;1;2016-06-25T09:01:58.352Z;notfrosty!~notfrosty@2a01:cb14:3f3:9c00:793f:e715:7c9a:8b2a;PRIVMSG;##networking;notfrosty;irc.freenode.net:6667;2a01:cb14:3f3:9c00:793f:e715:7c9a:8b2a;1
But it has a screen unlike most devices;;1;2016-06-25T09:01:59.084Z;spudowiar!~spudowiar@unaffiliated/spudowiar;PRIVMSG;##crypto;spudowiar;irc.freenode.net:6667;unaffiliated/spudowiar;1
The only issue is the hardware is too underpowered for RSA;hardware attack;1;2016-06-25T09:02:09.491Z;spudowiar!~spudowiar@unaffiliated/spudowiar;PRIVMSG;##crypto;spudowiar;irc.freenode.net:6667;unaffiliated/spudowiar;1
yes;;1;2016-06-25T09:04:23.737Z;kerframil!~kerframil@gentoo/user/kerframil;PRIVMSG;##networking;kerframil;irc.freenode.net:6667;gentoo/user/kerframil;1
*I was;;1;2016-06-25T09:07:42.838Z;notfrosty!~notfrosty@2a01:cb14:3f3:9c00:793f:e715:7c9a:8b2a;PRIVMSG;##networking;notfrosty;irc.freenode.net:6667;2a01:cb14:3f3:9c00:793f:e715:7c9a:8b2a;1
spudowiar: There are a bunch of smart cards (often in USB stick form factors) which can speak with GnuPG.;;1;2016-06-25T09:10:54.747Z;woggle!~charles@watson.millennium.berkeley.edu;PRIVMSG;##crypto;woggle;irc.freenode.net:6667;watson.millennium.berkeley.edu;1
woggle: do they have a display to confirm?;;1;2016-06-25T09:11:16.622Z;spudowiar!~spudowiar@unaffiliated/spudowiar;PRIVMSG;##crypto;spudowiar;irc.freenode.net:6667;unaffiliated/spudowiar;1
No.;;1;2016-06-25T09:11:21.140Z;woggle!~charles@watson.millennium.berkeley.edu;PRIVMSG;##crypto;woggle;irc.freenode.net:6667;watson.millennium.berkeley.edu;1
The Trezor lets me confirm it (and shows which server I'm sshing to for example);;1;2016-06-25T09:12:03.355Z;spudowiar!~spudowiar@unaffiliated/spudowiar;PRIVMSG;##crypto;spudowiar;irc.freenode.net:6667;unaffiliated/spudowiar;1
ACTION wonders how easy it is to trick it into displaying something else;;1;2016-06-25T09:12:24.461Z;ThomW!~Thom@unaffiliated/theguyofdoom;PRIVMSG;##crypto;ThomW;irc.freenode.net:6667;unaffiliated/theguyofdoom;1
ACTION guesses: very;;1;2016-06-25T09:12:34.807Z;ThomW!~Thom@unaffiliated/theguyofdoom;PRIVMSG;##crypto;ThomW;irc.freenode.net:6667;unaffiliated/theguyofdoom;1
ThomW: https://doc.satoshilabs.com/trezor-faq/hardware.html;hardware attack;1;2016-06-25T09:14:52.842Z;C_Sto!~NotCam@128.199.94.214;PRIVMSG;##crypto;C_Sto;irc.freenode.net:6667;128.199.94.214;1
anyone uses sklearn in python? i have problem with installign the version which includes mlp;python;1;2016-06-25T09:14:52.875Z;botmaster!~administr@unaffiliated/botmaster;PRIVMSG;##security;botmaster;irc.freenode.net:6667;unaffiliated/botmaster;1
TREZOR is using a 120 MHz embedded ARM processor (Cortex M3 to be precise) with a custom developed system.;;1;2016-06-25T09:15:02.862Z;C_Sto!~NotCam@128.199.94.214;PRIVMSG;##crypto;C_Sto;irc.freenode.net:6667;128.199.94.214;1
"wait what does ""too underpowered for RSA"" mean;;1;2016-06-25T09:15:08.087Z;smkz!~x@unaffiliated/smkz;PRIVMSG;##crypto;smkz;irc.freenode.net:6667;unaffiliated/smkz;1"
how shit is that hardware if it allegedly can't do RSA;hardware attack;1;2016-06-25T09:15:24.953Z;smkz!~x@unaffiliated/smkz;PRIVMSG;##crypto;smkz;irc.freenode.net:6667;unaffiliated/smkz;1
you could quite easily run RSA on that o.O;;1;2016-06-25T09:15:34.001Z;C_Sto!~NotCam@128.199.94.214;PRIVMSG;##crypto;C_Sto;irc.freenode.net:6667;128.199.94.214;1
https://realtimelogic.com/products/sharkssl/Cortex-M3/;;1;2016-06-25T09:16:15.275Z;C_Sto!~NotCam@128.199.94.214;PRIVMSG;##crypto;C_Sto;irc.freenode.net:6667;128.199.94.214;1
^;;1;2016-06-25T09:16:15.576Z;smkz!~x@unaffiliated/smkz;PRIVMSG;##crypto;smkz;irc.freenode.net:6667;unaffiliated/smkz;1
A Cortex M3 is super fast compared to a random smart card;;1;2016-06-25T09:17:00.461Z;ThomW!~Thom@unaffiliated/theguyofdoom;PRIVMSG;##crypto;ThomW;irc.freenode.net:6667;unaffiliated/theguyofdoom;1
which can pretty much all do RSA;;1;2016-06-25T09:17:10.827Z;ThomW!~Thom@unaffiliated/theguyofdoom;PRIVMSG;##crypto;ThomW;irc.freenode.net:6667;unaffiliated/theguyofdoom;1
2s decrypt for 2048 keysize;;1;2016-06-25T09:17:18.136Z;C_Sto!~NotCam@128.199.94.214;PRIVMSG;##crypto;C_Sto;irc.freenode.net:6667;128.199.94.214;1
on a 50mhz chip;;1;2016-06-25T09:17:24.873Z;C_Sto!~NotCam@128.199.94.214;PRIVMSG;##crypto;C_Sto;irc.freenode.net:6667;128.199.94.214;1
woggle: well. The problem is you sort of do;;1;2016-06-25T09:17:28.277Z;spudowiar!~spudowiar@unaffiliated/spudowiar;PRIVMSG;##crypto;spudowiar;irc.freenode.net:6667;unaffiliated/spudowiar;1
...because storing a seed is more secure?;;1;2016-06-25T09:17:56.228Z;C_Sto!~NotCam@128.199.94.214;PRIVMSG;##crypto;C_Sto;irc.freenode.net:6667;128.199.94.214;1
Well case are you out of Mexico yet?;;1;2016-06-25T09:18:04.984Z;sandman!sandman@do.you.want.fries.with.that;PRIVMSG;#coffeesh0p;sandman;irc.hackthissite.org:6667;do.you.want.fries.with.that;1
"how do you generate the key you want from that ""seed"";;1;2016-06-25T09:18:07.515Z;smkz!~x@unaffiliated/smkz;PRIVMSG;##crypto;smkz;irc.freenode.net:6667;unaffiliated/smkz;1"
I also have no trust in this group after I read https://doc.satoshilabs.com/trezor-faq/threats.html#inspect-the-trezors-memory-with-an-electron-microscope;threat;1;2016-06-25T09:18:26.537Z;ThomW!~Thom@unaffiliated/theguyofdoom;PRIVMSG;##crypto;ThomW;irc.freenode.net:6667;unaffiliated/theguyofdoom;1
but there are MUCH more capable hardware attacks possible;hardware attack;1;2016-06-25T09:18:55.740Z;ThomW!~Thom@unaffiliated/theguyofdoom;PRIVMSG;##crypto;ThomW;irc.freenode.net:6667;unaffiliated/theguyofdoom;1
bahaha I missed that ThomW;;1;2016-06-25T09:19:07.736Z;C_Sto!~NotCam@128.199.94.214;PRIVMSG;##crypto;C_Sto;irc.freenode.net:6667;128.199.94.214;1
that's awesome;;1;2016-06-25T09:19:13.843Z;C_Sto!~NotCam@128.199.94.214;PRIVMSG;##crypto;C_Sto;irc.freenode.net:6667;128.199.94.214;1
which the recommended way for wallets to work;;1;2016-06-25T09:28:03.580Z;SyncYourDogmas!~James@unaffiliated/syncyourdogmas;PRIVMSG;##crypto;SyncYourDogmas;irc.freenode.net:6667;unaffiliated/syncyourdogmas;1
SyncYourDogmas: change addresses;;1;2016-06-25T09:28:08.903Z;spudowiar!~spudowiar@unaffiliated/spudowiar;PRIVMSG;##crypto;spudowiar;irc.freenode.net:6667;unaffiliated/spudowiar;1
Good Morning!;;1;2016-06-25T09:28:10.330Z;Wulf!~Wulf@unaffiliated/wulf;PRIVMSG;##crypto;Wulf;irc.freenode.net:6667;unaffiliated/wulf;1
SyncYourDogmas: which all wallets are meant to use;;1;2016-06-25T09:28:20.280Z;spudowiar!~spudowiar@unaffiliated/spudowiar;PRIVMSG;##crypto;spudowiar;irc.freenode.net:6667;unaffiliated/spudowiar;1
Hello Wulf!;;1;2016-06-25T09:28:33.616Z;spudowiar!~spudowiar@unaffiliated/spudowiar;PRIVMSG;##crypto;spudowiar;irc.freenode.net:6667;unaffiliated/spudowiar;1
SyncYourDogmas: clearly you don't spend Bitcoin much;bitcoin;1;2016-06-25T09:29:20.148Z;spudowiar!~spudowiar@unaffiliated/spudowiar;PRIVMSG;##crypto;spudowiar;irc.freenode.net:6667;unaffiliated/spudowiar;1
You have to spend an input whole;;1;2016-06-25T09:29:30.164Z;spudowiar!~spudowiar@unaffiliated/spudowiar;PRIVMSG;##crypto;spudowiar;irc.freenode.net:6667;unaffiliated/spudowiar;1
So you send what you don't spend to a change address;;1;2016-06-25T09:29:43.873Z;spudowiar!~spudowiar@unaffiliated/spudowiar;PRIVMSG;##crypto;spudowiar;irc.freenode.net:6667;unaffiliated/spudowiar;1
That you control;;1;2016-06-25T09:29:47.053Z;spudowiar!~spudowiar@unaffiliated/spudowiar;PRIVMSG;##crypto;spudowiar;irc.freenode.net:6667;unaffiliated/spudowiar;1
everything I buy/everyone I buy from is whole numbers minus sending it. its just pennies by then;;1;2016-06-25T09:30:39.234Z;SyncYourDogmas!~James@unaffiliated/syncyourdogmas;PRIVMSG;##crypto;SyncYourDogmas;irc.freenode.net:6667;unaffiliated/syncyourdogmas;1
spudowiar: sounds like you still don't need more than 2 addresses;;1;2016-06-25T09:32:38.949Z;ThomW!~Thom@unaffiliated/theguyofdoom;PRIVMSG;##crypto;ThomW;irc.freenode.net:6667;unaffiliated/theguyofdoom;1
at the same time;;1;2016-06-25T09:32:50.347Z;ThomW!~Thom@unaffiliated/theguyofdoom;PRIVMSG;##crypto;ThomW;irc.freenode.net:6667;unaffiliated/theguyofdoom;1
ThomW: then I could receive BTC for that old address or a new one etc.;bitcoin;1;2016-06-25T09:33:10.708Z;spudowiar!~spudowiar@unaffiliated/spudowiar;PRIVMSG;##crypto;spudowiar;irc.freenode.net:6667;unaffiliated/spudowiar;1
you can transfer between addresses on same device free;;1;2016-06-25T09:33:31.971Z;SyncYourDogmas!~James@unaffiliated/syncyourdogmas;PRIVMSG;##crypto;SyncYourDogmas;irc.freenode.net:6667;unaffiliated/syncyourdogmas;1
the wallet handles that though;;1;2016-06-25T09:33:49.104Z;SyncYourDogmas!~James@unaffiliated/syncyourdogmas;PRIVMSG;##crypto;SyncYourDogmas;irc.freenode.net:6667;unaffiliated/syncyourdogmas;1
Eurgh;;1;2016-06-25T09:33:56.268Z;spudowiar!~spudowiar@unaffiliated/spudowiar;PRIVMSG;##crypto;spudowiar;irc.freenode.net:6667;unaffiliated/spudowiar;1
I'm just 14 but you're acting as if I'm stupid;;1;2016-06-25T09:34:09.038Z;spudowiar!~spudowiar@unaffiliated/spudowiar;PRIVMSG;##crypto;spudowiar;irc.freenode.net:6667;unaffiliated/spudowiar;1
gg;;1;2016-06-25T09:34:21.392Z;ThomW!~Thom@unaffiliated/theguyofdoom;PRIVMSG;##crypto;ThomW;irc.freenode.net:6667;unaffiliated/theguyofdoom;1
also still not convinced that that screen is a secure output method;;1;2016-06-25T09:34:45.452Z;ThomW!~Thom@unaffiliated/theguyofdoom;PRIVMSG;##crypto;ThomW;irc.freenode.net:6667;unaffiliated/theguyofdoom;1
and idk if pkcs11 even supports the stuff needed to support that (but I haven't read pkcs11);;1;2016-06-25T09:35:24.803Z;ThomW!~Thom@unaffiliated/theguyofdoom;PRIVMSG;##crypto;ThomW;irc.freenode.net:6667;unaffiliated/theguyofdoom;1
I transfer to a persistant usb;;1;2016-06-25T09:36:38.803Z;SyncYourDogmas!~James@unaffiliated/syncyourdogmas;PRIVMSG;##crypto;SyncYourDogmas;irc.freenode.net:6667;unaffiliated/syncyourdogmas;1
4 day streak NullMode ;;1;2016-06-25T09:37:40.402Z;eip`!sid27234@gateway/web/irccloud.com/x-xtlubvautmvzcnwd;PRIVMSG;#vulnhub;eip`;irc.freenode.net:6667;gateway/web/irccloud.com/x-xtlubvautmvzcnwd;1
"""The end of Top Gear was the leading cause for Britain to leave the EU, the union has some free space""   :);;1;2016-06-25T09:39:39.724Z;Apachez!~Apachez@unaffiliated/apachez;PRIVMSG;##security;Apachez;irc.freenode.net:6667;unaffiliated/apachez;1"
"""The end of Top Gear was the leading cause for Britain to leave the EU, the union has some free space""   :);;1;2016-06-25T09:39:41.738Z;Apachez!~Apachez@unaffiliated/apachez;PRIVMSG;##networking;Apachez;irc.freenode.net:6667;unaffiliated/apachez;1"
Tails used to hold the blockchain?;;1;2016-06-25T09:40:57.914Z;sn0wmonster!~yeti@unaffiliated/sn0wmonster;PRIVMSG;##crypto;sn0wmonster;irc.freenode.net:6667;unaffiliated/sn0wmonster;1
W/e;;1;2016-06-25T09:40:59.387Z;Captain_Beezay!sid146285@funtoo/user/terabit;PRIVMSG;##networking;Captain_Beezay;irc.freenode.net:6667;funtoo/user/terabit;1
I can't imagine that. hehe;;1;2016-06-25T09:41:05.940Z;sn0wmonster!~yeti@unaffiliated/sn0wmonster;PRIVMSG;##crypto;sn0wmonster;irc.freenode.net:6667;unaffiliated/sn0wmonster;1
Of course using Electrum can be a privacy vulnerability too;;1;2016-06-25T09:41:33.802Z;sn0wmonster!~yeti@unaffiliated/sn0wmonster;PRIVMSG;##crypto;sn0wmonster;irc.freenode.net:6667;unaffiliated/sn0wmonster;1
Usbarmory;;1;2016-06-25T09:42:06.136Z;Captain_Beezay!sid146285@funtoo/user/terabit;PRIVMSG;##crypto;Captain_Beezay;irc.freenode.net:6667;funtoo/user/terabit;1
You'd need to have an above-standard setup to run that and tails at the same time wouldn't you?;;1;2016-06-25T09:42:56.638Z;sn0wmonster!~yeti@unaffiliated/sn0wmonster;PRIVMSG;##crypto;sn0wmonster;irc.freenode.net:6667;unaffiliated/sn0wmonster;1
like 8GB> or RAM or something?;;1;2016-06-25T09:43:02.940Z;sn0wmonster!~yeti@unaffiliated/sn0wmonster;PRIVMSG;##crypto;sn0wmonster;irc.freenode.net:6667;unaffiliated/sn0wmonster;1
I dont anymore but did couple years ago. if turned off mostly;;1;2016-06-25T09:43:04.351Z;SyncYourDogmas!~James@unaffiliated/syncyourdogmas;PRIVMSG;##crypto;SyncYourDogmas;irc.freenode.net:6667;unaffiliated/syncyourdogmas;1
its*;;1;2016-06-25T09:43:08.084Z;SyncYourDogmas!~James@unaffiliated/syncyourdogmas;PRIVMSG;##crypto;SyncYourDogmas;irc.freenode.net:6667;unaffiliated/syncyourdogmas;1
happy saturday;;1;2016-06-25T09:43:10.207Z;SunDwarf!~Sun@WiseOS/Founder/Eyes;PRIVMSG;##crypto;SunDwarf;irc.freenode.net:6667;WiseOS/Founder/Eyes;1
are we on another bitcoin discussion;bitcoin;1;2016-06-25T09:43:28.504Z;SunDwarf!~Sun@WiseOS/Founder/Eyes;PRIVMSG;##crypto;SunDwarf;irc.freenode.net:6667;WiseOS/Founder/Eyes;1
Be one with the packet.;;1;2016-06-25T10:00:58.567Z;Captain_Beezay!sid146285@funtoo/user/terabit;PRIVMSG;##networking;Captain_Beezay;irc.freenode.net:6667;funtoo/user/terabit;1
lol;;1;2016-06-25T10:04:30.100Z;iz!~iz@ec2-54-82-250-61.compute-1.amazonaws.com;PRIVMSG;##security;iz;irc.freenode.net:6667;ec2-54-82-250-61.compute-1.amazonaws.com;1
http://pastebin.com/2wSpNjFx;;1;2016-06-25T10:06:32.251Z;madmouse!anon@3DA2998D.D814F1BC.41A97753.IP;PRIVMSG;#coffeesh0p;madmouse;irc.hackthissite.org:6667;3DA2998D.D814F1BC.41A97753.IP;1
Saying wrong password;;1;2016-06-25T10:11:20.360Z;allamoox!~allamoox@ashellz/owner/allamox;PRIVMSG;#vulnhub;allamoox;irc.freenode.net:6667;ashellz/owner/allamox;1
the idea is you hack the box remotely;hack;1;2016-06-25T10:13:04.148Z;dqi!~dqi@165-218-045-062.dynamic.caiway.nl;PRIVMSG;#vulnhub;dqi;irc.freenode.net:6667;165-218-045-062.dynamic.caiway.nl;1
the only Trezor i know of is a techno club in berlin;;1;2016-06-25T09:00:13.444Z;spoonzy_!~z@master.of.the.rum.supply;PRIVMSG;##crypto;spoonzy_;irc.freenode.net:6667;master.of.the.rum.supply;1
heh;;1;2016-06-25T09:01:17.868Z;spudowiar!~spudowiar@unaffiliated/spudowiar;PRIVMSG;##crypto;spudowiar;irc.freenode.net:6667;unaffiliated/spudowiar;1
It's a hardware Bitcoin wallet but have support for ECDSA in general;bitcoin;1;2016-06-25T09:01:35.171Z;spudowiar!~spudowiar@unaffiliated/spudowiar;PRIVMSG;##crypto;spudowiar;irc.freenode.net:6667;unaffiliated/spudowiar;1
"Ok, I didn't that well. It's more like ""is it possible to have 2 IP adresses for the same machine ?"";;1;2016-06-25T09:01:36.440Z;notfrosty!~notfrosty@2a01:cb14:3f3:9c00:793f:e715:7c9a:8b2a;PRIVMSG;##networking;notfrosty;irc.freenode.net:6667;2a01:cb14:3f3:9c00:793f:e715:7c9a:8b2a;1"
e.g. for SSH and GPG;;1;2016-06-25T09:01:50.632Z;spudowiar!~spudowiar@unaffiliated/spudowiar;PRIVMSG;##crypto;spudowiar;irc.freenode.net:6667;unaffiliated/spudowiar;1
*express;;1;2016-06-25T09:01:58.352Z;notfrosty!~notfrosty@2a01:cb14:3f3:9c00:793f:e715:7c9a:8b2a;PRIVMSG;##networking;notfrosty;irc.freenode.net:6667;2a01:cb14:3f3:9c00:793f:e715:7c9a:8b2a;1
But it has a screen unlike most devices;;1;2016-06-25T09:01:59.084Z;spudowiar!~spudowiar@unaffiliated/spudowiar;PRIVMSG;##crypto;spudowiar;irc.freenode.net:6667;unaffiliated/spudowiar;1
The only issue is the hardware is too underpowered for RSA;hardware attack;1;2016-06-25T09:02:09.491Z;spudowiar!~spudowiar@unaffiliated/spudowiar;PRIVMSG;##crypto;spudowiar;irc.freenode.net:6667;unaffiliated/spudowiar;1
yes;;1;2016-06-25T09:04:23.737Z;kerframil!~kerframil@gentoo/user/kerframil;PRIVMSG;##networking;kerframil;irc.freenode.net:6667;gentoo/user/kerframil;1
*I was;;1;2016-06-25T09:07:42.838Z;notfrosty!~notfrosty@2a01:cb14:3f3:9c00:793f:e715:7c9a:8b2a;PRIVMSG;##networking;notfrosty;irc.freenode.net:6667;2a01:cb14:3f3:9c00:793f:e715:7c9a:8b2a;1
spudowiar: There are a bunch of smart cards (often in USB stick form factors) which can speak with GnuPG.;;1;2016-06-25T09:10:54.747Z;woggle!~charles@watson.millennium.berkeley.edu;PRIVMSG;##crypto;woggle;irc.freenode.net:6667;watson.millennium.berkeley.edu;1
woggle: do they have a display to confirm?;;1;2016-06-25T09:11:16.622Z;spudowiar!~spudowiar@unaffiliated/spudowiar;PRIVMSG;##crypto;spudowiar;irc.freenode.net:6667;unaffiliated/spudowiar;1
No.;;1;2016-06-25T09:11:21.140Z;woggle!~charles@watson.millennium.berkeley.edu;PRIVMSG;##crypto;woggle;irc.freenode.net:6667;watson.millennium.berkeley.edu;1
The Trezor lets me confirm it (and shows which server I'm sshing to for example);;1;2016-06-25T09:12:03.355Z;spudowiar!~spudowiar@unaffiliated/spudowiar;PRIVMSG;##crypto;spudowiar;irc.freenode.net:6667;unaffiliated/spudowiar;1
ACTION wonders how easy it is to trick it into displaying something else;;1;2016-06-25T09:12:24.461Z;ThomW!~Thom@unaffiliated/theguyofdoom;PRIVMSG;##crypto;ThomW;irc.freenode.net:6667;unaffiliated/theguyofdoom;1
ACTION guesses: very;;1;2016-06-25T09:12:34.807Z;ThomW!~Thom@unaffiliated/theguyofdoom;PRIVMSG;##crypto;ThomW;irc.freenode.net:6667;unaffiliated/theguyofdoom;1
ThomW: https://doc.satoshilabs.com/trezor-faq/hardware.html;hardware attack;1;2016-06-25T09:14:52.842Z;C_Sto!~NotCam@128.199.94.214;PRIVMSG;##crypto;C_Sto;irc.freenode.net:6667;128.199.94.214;1
anyone uses sklearn in python? i have problem with installign the version which includes mlp;python;1;2016-06-25T09:14:52.875Z;botmaster!~administr@unaffiliated/botmaster;PRIVMSG;##security;botmaster;irc.freenode.net:6667;unaffiliated/botmaster;1
TREZOR is using a 120 MHz embedded ARM processor (Cortex M3 to be precise) with a custom developed system.;;1;2016-06-25T09:15:02.862Z;C_Sto!~NotCam@128.199.94.214;PRIVMSG;##crypto;C_Sto;irc.freenode.net:6667;128.199.94.214;1
"wait what does ""too underpowered for RSA"" mean;;1;2016-06-25T09:15:08.087Z;smkz!~x@unaffiliated/smkz;PRIVMSG;##crypto;smkz;irc.freenode.net:6667;unaffiliated/smkz;1"
how shit is that hardware if it allegedly can't do RSA;hardware attack;1;2016-06-25T09:15:24.953Z;smkz!~x@unaffiliated/smkz;PRIVMSG;##crypto;smkz;irc.freenode.net:6667;unaffiliated/smkz;1
you could quite easily run RSA on that o.O;;1;2016-06-25T09:15:34.001Z;C_Sto!~NotCam@128.199.94.214;PRIVMSG;##crypto;C_Sto;irc.freenode.net:6667;128.199.94.214;1
https://realtimelogic.com/products/sharkssl/Cortex-M3/;;1;2016-06-25T09:16:15.275Z;C_Sto!~NotCam@128.199.94.214;PRIVMSG;##crypto;C_Sto;irc.freenode.net:6667;128.199.94.214;1
^;;1;2016-06-25T09:16:15.576Z;smkz!~x@unaffiliated/smkz;PRIVMSG;##crypto;smkz;irc.freenode.net:6667;unaffiliated/smkz;1
A Cortex M3 is super fast compared to a random smart card;;1;2016-06-25T09:17:00.461Z;ThomW!~Thom@unaffiliated/theguyofdoom;PRIVMSG;##crypto;ThomW;irc.freenode.net:6667;unaffiliated/theguyofdoom;1
which can pretty much all do RSA;;1;2016-06-25T09:17:10.827Z;ThomW!~Thom@unaffiliated/theguyofdoom;PRIVMSG;##crypto;ThomW;irc.freenode.net:6667;unaffiliated/theguyofdoom;1
2s decrypt for 2048 keysize;;1;2016-06-25T09:17:18.136Z;C_Sto!~NotCam@128.199.94.214;PRIVMSG;##crypto;C_Sto;irc.freenode.net:6667;128.199.94.214;1
on a 50mhz chip;;1;2016-06-25T09:17:24.873Z;C_Sto!~NotCam@128.199.94.214;PRIVMSG;##crypto;C_Sto;irc.freenode.net:6667;128.199.94.214;1
woggle: well. The problem is you sort of do;;1;2016-06-25T09:17:28.277Z;spudowiar!~spudowiar@unaffiliated/spudowiar;PRIVMSG;##crypto;spudowiar;irc.freenode.net:6667;unaffiliated/spudowiar;1
...because storing a seed is more secure?;;1;2016-06-25T09:17:56.228Z;C_Sto!~NotCam@128.199.94.214;PRIVMSG;##crypto;C_Sto;irc.freenode.net:6667;128.199.94.214;1
Well case are you out of Mexico yet?;;1;2016-06-25T09:18:04.984Z;sandman!sandman@do.you.want.fries.with.that;PRIVMSG;#coffeesh0p;sandman;irc.hackthissite.org:6667;do.you.want.fries.with.that;1
"how do you generate the key you want from that ""seed"";;1;2016-06-25T09:18:07.515Z;smkz!~x@unaffiliated/smkz;PRIVMSG;##crypto;smkz;irc.freenode.net:6667;unaffiliated/smkz;1"
I also have no trust in this group after I read https://doc.satoshilabs.com/trezor-faq/threats.html#inspect-the-trezors-memory-with-an-electron-microscope;threat;1;2016-06-25T09:18:26.537Z;ThomW!~Thom@unaffiliated/theguyofdoom;PRIVMSG;##crypto;ThomW;irc.freenode.net:6667;unaffiliated/theguyofdoom;1
but there are MUCH more capable hardware attacks possible;hardware attack;1;2016-06-25T09:18:55.740Z;ThomW!~Thom@unaffiliated/theguyofdoom;PRIVMSG;##crypto;ThomW;irc.freenode.net:6667;unaffiliated/theguyofdoom;1
bahaha I missed that ThomW;;1;2016-06-25T09:19:07.736Z;C_Sto!~NotCam@128.199.94.214;PRIVMSG;##crypto;C_Sto;irc.freenode.net:6667;128.199.94.214;1
that's awesome;;1;2016-06-25T09:19:13.843Z;C_Sto!~NotCam@128.199.94.214;PRIVMSG;##crypto;C_Sto;irc.freenode.net:6667;128.199.94.214;1
which the recommended way for wallets to work;;1;2016-06-25T09:28:03.580Z;SyncYourDogmas!~James@unaffiliated/syncyourdogmas;PRIVMSG;##crypto;SyncYourDogmas;irc.freenode.net:6667;unaffiliated/syncyourdogmas;1
SyncYourDogmas: change addresses;;1;2016-06-25T09:28:08.903Z;spudowiar!~spudowiar@unaffiliated/spudowiar;PRIVMSG;##crypto;spudowiar;irc.freenode.net:6667;unaffiliated/spudowiar;1
Good Morning!;;1;2016-06-25T09:28:10.330Z;Wulf!~Wulf@unaffiliated/wulf;PRIVMSG;##crypto;Wulf;irc.freenode.net:6667;unaffiliated/wulf;1
SyncYourDogmas: which all wallets are meant to use;;1;2016-06-25T09:28:20.280Z;spudowiar!~spudowiar@unaffiliated/spudowiar;PRIVMSG;##crypto;spudowiar;irc.freenode.net:6667;unaffiliated/spudowiar;1
Hello Wulf!;;1;2016-06-25T09:28:33.616Z;spudowiar!~spudowiar@unaffiliated/spudowiar;PRIVMSG;##crypto;spudowiar;irc.freenode.net:6667;unaffiliated/spudowiar;1
SyncYourDogmas: clearly you don't spend Bitcoin much;bitcoin;1;2016-06-25T09:29:20.148Z;spudowiar!~spudowiar@unaffiliated/spudowiar;PRIVMSG;##crypto;spudowiar;irc.freenode.net:6667;unaffiliated/spudowiar;1
You have to spend an input whole;;1;2016-06-25T09:29:30.164Z;spudowiar!~spudowiar@unaffiliated/spudowiar;PRIVMSG;##crypto;spudowiar;irc.freenode.net:6667;unaffiliated/spudowiar;1
So you send what you don't spend to a change address;;1;2016-06-25T09:29:43.873Z;spudowiar!~spudowiar@unaffiliated/spudowiar;PRIVMSG;##crypto;spudowiar;irc.freenode.net:6667;unaffiliated/spudowiar;1
That you control;;1;2016-06-25T09:29:47.053Z;spudowiar!~spudowiar@unaffiliated/spudowiar;PRIVMSG;##crypto;spudowiar;irc.freenode.net:6667;unaffiliated/spudowiar;1
everything I buy/everyone I buy from is whole numbers minus sending it. its just pennies by then;;1;2016-06-25T09:30:39.234Z;SyncYourDogmas!~James@unaffiliated/syncyourdogmas;PRIVMSG;##crypto;SyncYourDogmas;irc.freenode.net:6667;unaffiliated/syncyourdogmas;1
spudowiar: sounds like you still don't need more than 2 addresses;;1;2016-06-25T09:32:38.949Z;ThomW!~Thom@unaffiliated/theguyofdoom;PRIVMSG;##crypto;ThomW;irc.freenode.net:6667;unaffiliated/theguyofdoom;1
at the same time;;1;2016-06-25T09:32:50.347Z;ThomW!~Thom@unaffiliated/theguyofdoom;PRIVMSG;##crypto;ThomW;irc.freenode.net:6667;unaffiliated/theguyofdoom;1
ThomW: then I could receive BTC for that old address or a new one etc.;bitcoin;1;2016-06-25T09:33:10.708Z;spudowiar!~spudowiar@unaffiliated/spudowiar;PRIVMSG;##crypto;spudowiar;irc.freenode.net:6667;unaffiliated/spudowiar;1
you can transfer between addresses on same device free;;1;2016-06-25T09:33:31.971Z;SyncYourDogmas!~James@unaffiliated/syncyourdogmas;PRIVMSG;##crypto;SyncYourDogmas;irc.freenode.net:6667;unaffiliated/syncyourdogmas;1
the wallet handles that though;;1;2016-06-25T09:33:49.104Z;SyncYourDogmas!~James@unaffiliated/syncyourdogmas;PRIVMSG;##crypto;SyncYourDogmas;irc.freenode.net:6667;unaffiliated/syncyourdogmas;1
Eurgh;;1;2016-06-25T09:33:56.268Z;spudowiar!~spudowiar@unaffiliated/spudowiar;PRIVMSG;##crypto;spudowiar;irc.freenode.net:6667;unaffiliated/spudowiar;1
I'm just 14 but you're acting as if I'm stupid;;1;2016-06-25T09:34:09.038Z;spudowiar!~spudowiar@unaffiliated/spudowiar;PRIVMSG;##crypto;spudowiar;irc.freenode.net:6667;unaffiliated/spudowiar;1
gg;;1;2016-06-25T09:34:21.392Z;ThomW!~Thom@unaffiliated/theguyofdoom;PRIVMSG;##crypto;ThomW;irc.freenode.net:6667;unaffiliated/theguyofdoom;1
also still not convinced that that screen is a secure output method;;1;2016-06-25T09:34:45.452Z;ThomW!~Thom@unaffiliated/theguyofdoom;PRIVMSG;##crypto;ThomW;irc.freenode.net:6667;unaffiliated/theguyofdoom;1
and idk if pkcs11 even supports the stuff needed to support that (but I haven't read pkcs11);;1;2016-06-25T09:35:24.803Z;ThomW!~Thom@unaffiliated/theguyofdoom;PRIVMSG;##crypto;ThomW;irc.freenode.net:6667;unaffiliated/theguyofdoom;1
I transfer to a persistant usb;;1;2016-06-25T09:36:38.803Z;SyncYourDogmas!~James@unaffiliated/syncyourdogmas;PRIVMSG;##crypto;SyncYourDogmas;irc.freenode.net:6667;unaffiliated/syncyourdogmas;1
4 day streak NullMode ;;1;2016-06-25T09:37:40.402Z;eip`!sid27234@gateway/web/irccloud.com/x-xtlubvautmvzcnwd;PRIVMSG;#vulnhub;eip`;irc.freenode.net:6667;gateway/web/irccloud.com/x-xtlubvautmvzcnwd;1
"""The end of Top Gear was the leading cause for Britain to leave the EU, the union has some free space""   :);;1;2016-06-25T09:39:39.724Z;Apachez!~Apachez@unaffiliated/apachez;PRIVMSG;##security;Apachez;irc.freenode.net:6667;unaffiliated/apachez;1"
"""The end of Top Gear was the leading cause for Britain to leave the EU, the union has some free space""   :);;1;2016-06-25T09:39:41.738Z;Apachez!~Apachez@unaffiliated/apachez;PRIVMSG;##networking;Apachez;irc.freenode.net:6667;unaffiliated/apachez;1"
Tails used to hold the blockchain?;;1;2016-06-25T09:40:57.914Z;sn0wmonster!~yeti@unaffiliated/sn0wmonster;PRIVMSG;##crypto;sn0wmonster;irc.freenode.net:6667;unaffiliated/sn0wmonster;1
W/e;;1;2016-06-25T09:40:59.387Z;Captain_Beezay!sid146285@funtoo/user/terabit;PRIVMSG;##networking;Captain_Beezay;irc.freenode.net:6667;funtoo/user/terabit;1
I can't imagine that. hehe;;1;2016-06-25T09:41:05.940Z;sn0wmonster!~yeti@unaffiliated/sn0wmonster;PRIVMSG;##crypto;sn0wmonster;irc.freenode.net:6667;unaffiliated/sn0wmonster;1
Of course using Electrum can be a privacy vulnerability too;;1;2016-06-25T09:41:33.802Z;sn0wmonster!~yeti@unaffiliated/sn0wmonster;PRIVMSG;##crypto;sn0wmonster;irc.freenode.net:6667;unaffiliated/sn0wmonster;1
Usbarmory;;1;2016-06-25T09:42:06.136Z;Captain_Beezay!sid146285@funtoo/user/terabit;PRIVMSG;##crypto;Captain_Beezay;irc.freenode.net:6667;funtoo/user/terabit;1
You'd need to have an above-standard setup to run that and tails at the same time wouldn't you?;;1;2016-06-25T09:42:56.638Z;sn0wmonster!~yeti@unaffiliated/sn0wmonster;PRIVMSG;##crypto;sn0wmonster;irc.freenode.net:6667;unaffiliated/sn0wmonster;1
like 8GB> or RAM or something?;;1;2016-06-25T09:43:02.940Z;sn0wmonster!~yeti@unaffiliated/sn0wmonster;PRIVMSG;##crypto;sn0wmonster;irc.freenode.net:6667;unaffiliated/sn0wmonster;1
I dont anymore but did couple years ago. if turned off mostly;;1;2016-06-25T09:43:04.351Z;SyncYourDogmas!~James@unaffiliated/syncyourdogmas;PRIVMSG;##crypto;SyncYourDogmas;irc.freenode.net:6667;unaffiliated/syncyourdogmas;1
its*;;1;2016-06-25T09:43:08.084Z;SyncYourDogmas!~James@unaffiliated/syncyourdogmas;PRIVMSG;##crypto;SyncYourDogmas;irc.freenode.net:6667;unaffiliated/syncyourdogmas;1
happy saturday;;1;2016-06-25T09:43:10.207Z;SunDwarf!~Sun@WiseOS/Founder/Eyes;PRIVMSG;##crypto;SunDwarf;irc.freenode.net:6667;WiseOS/Founder/Eyes;1
are we on another bitcoin discussion;bitcoin;1;2016-06-25T09:43:28.504Z;SunDwarf!~Sun@WiseOS/Founder/Eyes;PRIVMSG;##crypto;SunDwarf;irc.freenode.net:6667;WiseOS/Founder/Eyes;1
Be one with the packet.;;1;2016-06-25T10:00:58.567Z;Captain_Beezay!sid146285@funtoo/user/terabit;PRIVMSG;##networking;Captain_Beezay;irc.freenode.net:6667;funtoo/user/terabit;1
lol;;1;2016-06-25T10:04:30.100Z;iz!~iz@ec2-54-82-250-61.compute-1.amazonaws.com;PRIVMSG;##security;iz;irc.freenode.net:6667;ec2-54-82-250-61.compute-1.amazonaws.com;1
http://pastebin.com/2wSpNjFx;;1;2016-06-25T10:06:32.251Z;madmouse!anon@3DA2998D.D814F1BC.41A97753.IP;PRIVMSG;#coffeesh0p;madmouse;irc.hackthissite.org:6667;3DA2998D.D814F1BC.41A97753.IP;1
Saying wrong password;;1;2016-06-25T10:11:20.360Z;allamoox!~allamoox@ashellz/owner/allamox;PRIVMSG;#vulnhub;allamoox;irc.freenode.net:6667;ashellz/owner/allamox;1
the idea is you hack the box remotely;hack;1;2016-06-25T10:13:04.148Z;dqi!~dqi@165-218-045-062.dynamic.caiway.nl;PRIVMSG;#vulnhub;dqi;irc.freenode.net:6667;165-218-045-062.dynamic.caiway.nl;1
